{
    "name": "root",
    "gauges": {
        "SoccerTwos.Policy.Entropy.mean": {
            "value": 2.316014528274536,
            "min": 2.316014528274536,
            "max": 3.295773983001709,
            "count": 200
        },
        "SoccerTwos.Policy.Entropy.sum": {
            "value": 44986.265625,
            "min": 6510.90869140625,
            "max": 107125.484375,
            "count": 200
        },
        "SoccerTwos.Environment.LessonNumber.ball_touch.mean": {
            "value": 0.0,
            "min": 0.0,
            "max": 0.0,
            "count": 200
        },
        "SoccerTwos.Environment.LessonNumber.ball_touch.sum": {
            "value": 0.0,
            "min": 0.0,
            "max": 0.0,
            "count": 200
        },
        "SoccerTwos.Environment.EpisodeLength.mean": {
            "value": 45.361111111111114,
            "min": 41.598290598290596,
            "max": 999.0,
            "count": 200
        },
        "SoccerTwos.Environment.EpisodeLength.sum": {
            "value": 19596.0,
            "min": 14344.0,
            "max": 24088.0,
            "count": 200
        },
        "SoccerTwos.Self-play.ELO.mean": {
            "value": 1466.6151120363782,
            "min": 1198.1440284882133,
            "max": 1487.8934247912478,
            "count": 199
        },
        "SoccerTwos.Self-play.ELO.sum": {
            "value": 316788.8641998577,
            "min": 2397.5216755472106,
            "max": 340099.5564236224,
            "count": 199
        },
        "SoccerTwos.Step.mean": {
            "value": 1999976.0,
            "min": 9354.0,
            "max": 1999976.0,
            "count": 200
        },
        "SoccerTwos.Step.sum": {
            "value": 1999976.0,
            "min": 9354.0,
            "max": 1999976.0,
            "count": 200
        },
        "SoccerTwos.Policy.ExtrinsicBaselineEstimate.mean": {
            "value": 0.02823665365576744,
            "min": -0.05593042075634003,
            "max": 0.1599487066268921,
            "count": 200
        },
        "SoccerTwos.Policy.ExtrinsicBaselineEstimate.sum": {
            "value": 6.127353668212891,
            "min": -9.228519439697266,
            "max": 31.467647552490234,
            "count": 200
        },
        "SoccerTwos.Policy.ExtrinsicValueEstimate.mean": {
            "value": 0.030983272939920425,
            "min": -0.0627959743142128,
            "max": 0.1632072776556015,
            "count": 200
        },
        "SoccerTwos.Policy.ExtrinsicValueEstimate.sum": {
            "value": 6.72337007522583,
            "min": -10.361335754394531,
            "max": 28.72447967529297,
            "count": 200
        },
        "SoccerTwos.Environment.CumulativeReward.mean": {
            "value": 0.006027649957171645,
            "min": 0.0028235295458751567,
            "max": 0.014769231219990896,
            "count": 200
        },
        "SoccerTwos.Environment.CumulativeReward.sum": {
            "value": 1.308000040706247,
            "min": 0.04800000134855509,
            "max": 1.536000048276037,
            "count": 200
        },
        "SoccerTwos.Policy.ExtrinsicReward.mean": {
            "value": 0.10938802677365492,
            "min": -0.7607272653840482,
            "max": 0.6204158075545964,
            "count": 200
        },
        "SoccerTwos.Policy.ExtrinsicReward.sum": {
            "value": 23.737201809883118,
            "min": -44.58939850330353,
            "max": 56.3042014837265,
            "count": 200
        },
        "SoccerTwos.Environment.GroupCumulativeReward.mean": {
            "value": 0.09736958626777895,
            "min": -0.7727272727272727,
            "max": 0.6033631629849735,
            "count": 200
        },
        "SoccerTwos.Environment.GroupCumulativeReward.sum": {
            "value": 21.129200220108032,
            "min": -46.84939968585968,
            "max": 53.90820038318634,
            "count": 200
        },
        "SoccerTwos.IsTraining.mean": {
            "value": 1.0,
            "min": 1.0,
            "max": 1.0,
            "count": 200
        },
        "SoccerTwos.IsTraining.sum": {
            "value": 1.0,
            "min": 1.0,
            "max": 1.0,
            "count": 200
        },
        "SoccerTwos.Losses.PolicyLoss.mean": {
            "value": 0.015748137046102784,
            "min": 0.012469945778138935,
            "max": 0.02330777267149339,
            "count": 96
        },
        "SoccerTwos.Losses.PolicyLoss.sum": {
            "value": 0.015748137046102784,
            "min": 0.012469945778138935,
            "max": 0.02330777267149339,
            "count": 96
        },
        "SoccerTwos.Losses.ValueLoss.mean": {
            "value": 0.10679194082816441,
            "min": 0.0011768915651676555,
            "max": 0.11009834284583728,
            "count": 96
        },
        "SoccerTwos.Losses.ValueLoss.sum": {
            "value": 0.10679194082816441,
            "min": 0.0011768915651676555,
            "max": 0.11009834284583728,
            "count": 96
        },
        "SoccerTwos.Losses.BaselineLoss.mean": {
            "value": 0.10836365247766176,
            "min": 0.0012038454588036984,
            "max": 0.11281879792610804,
            "count": 96
        },
        "SoccerTwos.Losses.BaselineLoss.sum": {
            "value": 0.10836365247766176,
            "min": 0.0012038454588036984,
            "max": 0.11281879792610804,
            "count": 96
        },
        "SoccerTwos.Policy.LearningRate.mean": {
            "value": 0.0003,
            "min": 0.0003,
            "max": 0.0003,
            "count": 96
        },
        "SoccerTwos.Policy.LearningRate.sum": {
            "value": 0.0003,
            "min": 0.0003,
            "max": 0.0003,
            "count": 96
        },
        "SoccerTwos.Policy.Epsilon.mean": {
            "value": 0.20000000000000007,
            "min": 0.20000000000000007,
            "max": 0.20000000000000007,
            "count": 96
        },
        "SoccerTwos.Policy.Epsilon.sum": {
            "value": 0.20000000000000007,
            "min": 0.20000000000000007,
            "max": 0.20000000000000007,
            "count": 96
        },
        "SoccerTwos.Policy.Beta.mean": {
            "value": 0.005000000000000001,
            "min": 0.005000000000000001,
            "max": 0.005000000000000001,
            "count": 96
        },
        "SoccerTwos.Policy.Beta.sum": {
            "value": 0.005000000000000001,
            "min": 0.005000000000000001,
            "max": 0.005000000000000001,
            "count": 96
        }
    },
    "metadata": {
        "timer_format_version": "0.1.0",
        "start_time_seconds": "1733059321",
        "python_version": "3.10.10 (tags/v3.10.10:aad5f6a, Feb  7 2023, 17:20:36) [MSC v.1929 64 bit (AMD64)]",
        "command_line_arguments": "C:\\Users\\Vjosa\\AppData\\Local\\Programs\\Python\\Python310\\Scripts\\mlagents-learn config/poca/SoccerTwos.yaml --run-id=8PDE",
        "mlagents_version": "1.1.0",
        "mlagents_envs_version": "1.1.0",
        "communication_protocol_version": "1.5.0",
        "pytorch_version": "2.5.1+cpu",
        "numpy_version": "1.23.5",
        "end_time_seconds": "1733062592"
    },
    "total": 3270.766981999972,
    "count": 1,
    "self": 0.013254999998025596,
    "children": {
        "run_training.setup": {
            "total": 0.056488199974410236,
            "count": 1,
            "self": 0.056488199974410236
        },
        "TrainerController.start_learning": {
            "total": 3270.6972387999995,
            "count": 1,
            "self": 2.128954705200158,
            "children": {
                "TrainerController._reset_env": {
                    "total": 15.034178599715233,
                    "count": 10,
                    "self": 15.034178599715233
                },