{
    "name": "root",
    "gauges": {
        "SoccerTwos.Policy.Entropy.mean": {
            "value": 2.0563437938690186,
            "min": 2.0330848693847656,
            "max": 2.249187707901001,
            "count": 144
        },
        "SoccerTwos.Policy.Entropy.sum": {
            "value": 37112.89453125,
            "min": 21016.41015625,
            "max": 48627.4140625,
            "count": 144
        },
        "SoccerTwos.Environment.LessonNumber.ball_touch.mean": {
            "value": 0.0,
            "min": 0.0,
            "max": 0.0,
            "count": 144
        },
        "SoccerTwos.Environment.LessonNumber.ball_touch.sum": {
            "value": 0.0,
            "min": 0.0,
            "max": 0.0,
            "count": 144
        },
        "SoccerTwos.Environment.EpisodeLength.mean": {
            "value": 48.56701030927835,
            "min": 38.23076923076923,
            "max": 71.95588235294117,
            "count": 144
        },
        "SoccerTwos.Environment.EpisodeLength.sum": {
            "value": 18844.0,
            "min": 7952.0,
            "max": 20388.0,
            "count": 144
        },
        "SoccerTwos.Self-play.ELO.mean": {
            "value": 1517.4552880694534,
            "min": 1467.2463909224944,
            "max": 1523.1885677535342,
            "count": 144
        },
        "SoccerTwos.Self-play.ELO.sum": {
            "value": 294386.325885474,
            "min": 154853.76561270125,
            "max": 372858.01018562843,
            "count": 144
        },
        "SoccerTwos.Step.mean": {
            "value": 4999934.0,
            "min": 3569991.0,
            "max": 4999934.0,
            "count": 144
        },
        "SoccerTwos.Step.sum": {
            "value": 4999934.0,
            "min": 3569991.0,
            "max": 4999934.0,
            "count": 144
        },
        "SoccerTwos.Policy.ExtrinsicBaselineEstimate.mean": {
            "value": 0.001704505761153996,
            "min": -0.08991769701242447,
            "max": 0.12045010179281235,
            "count": 144
        },
        "SoccerTwos.Policy.ExtrinsicBaselineEstimate.sum": {
            "value": 0.332378625869751,
            "min": -17.264198303222656,
            "max": 22.88551902770996,
            "count": 144
        },
        "SoccerTwos.Policy.ExtrinsicValueEstimate.mean": {
            "value": 0.00246005249209702,
            "min": -0.08912012726068497,
            "max": 0.11881854385137558,
            "count": 144
        },
        "SoccerTwos.Policy.ExtrinsicValueEstimate.sum": {
            "value": 0.4797102212905884,
            "min": -17.111064910888672,
            "max": 23.188980102539062,
            "count": 144
        },
        "SoccerTwos.Environment.CumulativeReward.mean": {
            "value": 0.005148718004616407,
            "min": 0.00208040204217386,
            "max": 0.008278145864975965,
            "count": 144
        },
        "SoccerTwos.Environment.CumulativeReward.sum": {
            "value": 1.0040000109001994,
            "min": 0.32400000165216625,
            "max": 1.3700000217650086,
            "count": 144
        },
        "SoccerTwos.Policy.ExtrinsicReward.mean": {
            "value": 0.05688308110603919,
            "min": -0.246170554971937,
            "max": 0.27853953561117484,
            "count": 144
        },
        "SoccerTwos.Policy.ExtrinsicReward.sum": {
            "value": 11.092200815677643,
            "min": -48.49559932947159,
            "max": 47.90880012512207,
            "count": 144
        },
        "SoccerTwos.Environment.GroupCumulativeReward.mean": {
            "value": 0.04672923240906153,
            "min": -0.25691167594212566,
            "max": 0.2663534886615221,
            "count": 144
        },
        "SoccerTwos.Environment.GroupCumulativeReward.sum": {
            "value": 9.112200319766998,
            "min": -50.611600160598755,
            "max": 45.8128000497818,
            "count": 144
        },
        "SoccerTwos.IsTraining.mean": {
            "value": 1.0,
            "min": 1.0,
            "max": 1.0,
            "count": 144
        },
        "SoccerTwos.IsTraining.sum": {
            "value": 1.0,
            "min": 1.0,
            "max": 1.0,
            "count": 144
        },
        "SoccerTwos.Losses.PolicyLoss.mean": {
            "value": 0.013706026071061691,
            "min": 0.012964449562423397,
            "max": 0.022812503510795067,
            "count": 69
        },
        "SoccerTwos.Losses.PolicyLoss.sum": {
            "value": 0.013706026071061691,
            "min": 0.012964449562423397,
            "max": 0.022812503510795067,
            "count": 69
        },
        "SoccerTwos.Losses.ValueLoss.mean": {
            "value": 0.11658290351430575,
            "min": 0.10038447082042694,
            "max": 0.1340994176765283,
            "count": 69
        },
        "SoccerTwos.Losses.ValueLoss.sum": {
            "value": 0.11658290351430575,
            "min": 0.10038447082042694,
            "max": 0.1340994176765283,
            "count": 69
        },
        "SoccerTwos.Losses.BaselineLoss.mean": {
            "value": 0.11811405718326569,
            "min": 0.10189294268687567,
            "max": 0.13644863814115524,
            "count": 69
        },
        "SoccerTwos.Losses.BaselineLoss.sum": {
            "value": 0.11811405718326569,
            "min": 0.10189294268687567,
            "max": 0.13644863814115524,
            "count": 69
        },
        "SoccerTwos.Policy.LearningRate.mean": {
            "value": 0.0003,
            "min": 0.0003,
            "max": 0.0003,
            "count": 69
        },
        "SoccerTwos.Policy.LearningRate.sum": {
            "value": 0.0003,
            "min": 0.0003,
            "max": 0.0003,
            "count": 69
        },
        "SoccerTwos.Policy.Epsilon.mean": {
            "value": 0.20000000000000007,
            "min": 0.20000000000000007,
            "max": 0.20000000000000007,
            "count": 69
        },
        "SoccerTwos.Policy.Epsilon.sum": {
            "value": 0.20000000000000007,
            "min": 0.20000000000000007,
            "max": 0.20000000000000007,
            "count": 69
        },
        "SoccerTwos.Policy.Beta.mean": {
            "value": 0.005000000000000001,
            "min": 0.005000000000000001,
            "max": 0.005000000000000001,
            "count": 69
        },
        "SoccerTwos.Policy.Beta.sum": {
            "value": 0.005000000000000001,
            "min": 0.005000000000000001,
            "max": 0.005000000000000001,
            "count": 69
        }
    },
    "metadata": {
        "timer_format_version": "0.1.0",
        "start_time_seconds": "1737397846",
        "python_version": "3.10.10 (tags/v3.10.10:aad5f6a, Feb  7 2023, 17:20:36) [MSC v.1929 64 bit (AMD64)]",
        "command_line_arguments": "C:\\Users\\Vjosa\\AppData\\Local\\Programs\\Python\\Python310\\Scripts\\mlagents-learn config/poca/SoccerTwos.yaml --run-id=FIXED_8PAE --resume",
        "mlagents_version": "1.1.0",
        "mlagents_envs_version": "1.1.0",
        "communication_protocol_version": "1.5.0",
        "pytorch_version": "2.5.1+cpu",
        "numpy_version": "1.23.5",
        "end_time_seconds": "1737405307"
    },
    "total": 7461.7128697,
    "count": 1,
    "self": 0.008619399999588495,
    "children": {
        "run_training.setup": {
            "total": 0.10148260000005394,
            "count": 1,
            "self": 0.10148260000005394
        },
        "TrainerController.start_learning": {
            "total": 7461.6027677,
            "count": 1,
            "self": 1.865865599946119,
            "children": {
                "TrainerController._reset_env": {
                    "total": 19.92103719999932,
                    "count": 9,
                    "self": 19.92103719999932
                },