{
    "name": "root",
    "gauges": {
        "SoccerTwos.Policy.Entropy.mean": {
            "value": 1.9115327596664429,
            "min": 1.8678287267684937,
            "max": 2.5878050327301025,
            "count": 300
        },
        "SoccerTwos.Policy.Entropy.sum": {
            "value": 37863.640625,
            "min": 34239.109375,
            "max": 59508.12890625,
            "count": 300
        },
        "SoccerTwos.Environment.LessonNumber.ball_touch.mean": {
            "value": 0.0,
            "min": 0.0,
            "max": 0.0,
            "count": 300
        },
        "SoccerTwos.Environment.LessonNumber.ball_touch.sum": {
            "value": 0.0,
            "min": 0.0,
            "max": 0.0,
            "count": 300
        },
        "SoccerTwos.Environment.EpisodeLength.mean": {
            "value": 54.879120879120876,
            "min": 36.94656488549618,
            "max": 76.12903225806451,
            "count": 300
        },
        "SoccerTwos.Environment.EpisodeLength.sum": {
            "value": 19976.0,
            "min": 18548.0,
            "max": 20616.0,
            "count": 300
        },
        "SoccerTwos.Self-play.ELO.mean": {
            "value": 1585.0171313066369,
            "min": 1431.2197596944056,
            "max": 1587.2485089206034,
            "count": 300
        },
        "SoccerTwos.Self-play.ELO.sum": {
            "value": 288473.1178978079,
            "min": 178067.13327520434,
            "max": 403325.2432375039,
            "count": 300
        },
        "SoccerTwos.Step.mean": {
            "value": 4999888.0,
            "min": 2009982.0,
            "max": 4999888.0,
            "count": 300
        },
        "SoccerTwos.Step.sum": {
            "value": 4999888.0,
            "min": 2009982.0,
            "max": 4999888.0,
            "count": 300
        },
        "SoccerTwos.Policy.ExtrinsicBaselineEstimate.mean": {
            "value": 0.012337545864284039,
            "min": -0.08763418346643448,
            "max": 0.12262023240327835,
            "count": 300
        },
        "SoccerTwos.Policy.ExtrinsicBaselineEstimate.sum": {
            "value": 2.2454333305358887,
            "min": -17.176300048828125,
            "max": 28.039291381835938,
            "count": 300
        },
        "SoccerTwos.Policy.ExtrinsicValueEstimate.mean": {
            "value": 0.013871786184608936,
            "min": -0.0909060686826706,
            "max": 0.12676821649074554,
            "count": 300
        },
        "SoccerTwos.Policy.ExtrinsicValueEstimate.sum": {
            "value": 2.524665117263794,
            "min": -17.090341567993164,
            "max": 26.897167205810547,
            "count": 300
        },
        "SoccerTwos.Environment.CumulativeReward.mean": {
            "value": 0.008241758510408984,
            "min": 0.005044335171378452,
            "max": 0.012117647271438995,
            "count": 300
        },
        "SoccerTwos.Environment.CumulativeReward.sum": {
            "value": 1.5000000488944352,
            "min": 0.8880000365898013,
            "max": 1.9320000340230763,
            "count": 300
        },
        "SoccerTwos.Policy.ExtrinsicReward.mean": {
            "value": -0.06913845683192159,
            "min": -0.2505456735322505,
            "max": 0.3578243422760535,
            "count": 300
        },
        "SoccerTwos.Policy.ExtrinsicReward.sum": {
            "value": -12.583199143409729,
            "min": -48.785998821258545,
            "max": 67.6288006901741,
            "count": 300
        },
        "SoccerTwos.Environment.GroupCumulativeReward.mean": {
            "value": -0.08562197659041855,
            "min": -0.26859506044858766,
            "max": 0.3410835959923961,
            "count": 300
        },
        "SoccerTwos.Environment.GroupCumulativeReward.sum": {
            "value": -15.583199739456177,
            "min": -52.073999881744385,
            "max": 64.46479964256287,
            "count": 300
        },
        "SoccerTwos.IsTraining.mean": {
            "value": 1.0,
            "min": 1.0,
            "max": 1.0,
            "count": 300
        },
        "SoccerTwos.IsTraining.sum": {
            "value": 1.0,
            "min": 1.0,
            "max": 1.0,
            "count": 300
        },
        "SoccerTwos.Losses.PolicyLoss.mean": {
            "value": 0.020161705060551562,
            "min": 0.011237962394564724,
            "max": 0.02352330169584699,
            "count": 145
        },
        "SoccerTwos.Losses.PolicyLoss.sum": {
            "value": 0.020161705060551562,
            "min": 0.011237962394564724,
            "max": 0.02352330169584699,
            "count": 145
        },
        "SoccerTwos.Losses.ValueLoss.mean": {
            "value": 0.11369909668962161,
            "min": 0.08565614670515061,
            "max": 0.13700825497508048,
            "count": 145
        },
        "SoccerTwos.Losses.ValueLoss.sum": {
            "value": 0.11369909668962161,
            "min": 0.08565614670515061,
            "max": 0.13700825497508048,
            "count": 145
        },
        "SoccerTwos.Losses.BaselineLoss.mean": {
            "value": 0.1149615282813708,
            "min": 0.08727547004818917,
            "max": 0.139733341584603,
            "count": 145
        },
        "SoccerTwos.Losses.BaselineLoss.sum": {
            "value": 0.1149615282813708,
            "min": 0.08727547004818917,
            "max": 0.139733341584603,
            "count": 145
        },
        "SoccerTwos.Policy.LearningRate.mean": {
            "value": 0.0003,
            "min": 0.0003,
            "max": 0.0003,
            "count": 145
        },
        "SoccerTwos.Policy.LearningRate.sum": {
            "value": 0.0003,
            "min": 0.0003,
            "max": 0.0003,
            "count": 145
        },
        "SoccerTwos.Policy.Epsilon.mean": {
            "value": 0.20000000000000007,
            "min": 0.20000000000000007,
            "max": 0.20000000000000007,
            "count": 145
        },
        "SoccerTwos.Policy.Epsilon.sum": {
            "value": 0.20000000000000007,
            "min": 0.20000000000000007,
            "max": 0.20000000000000007,
            "count": 145
        },
        "SoccerTwos.Policy.Beta.mean": {
            "value": 0.005000000000000001,
            "min": 0.005000000000000001,
            "max": 0.005000000000000001,
            "count": 145
        },
        "SoccerTwos.Policy.Beta.sum": {
            "value": 0.005000000000000001,
            "min": 0.005000000000000001,
            "max": 0.005000000000000001,
            "count": 145
        }
    },
    "metadata": {
        "timer_format_version": "0.1.0",
        "start_time_seconds": "1737412398",
        "python_version": "3.10.10 (tags/v3.10.10:aad5f6a, Feb  7 2023, 17:20:36) [MSC v.1929 64 bit (AMD64)]",
        "command_line_arguments": "C:\\Users\\Vjosa\\AppData\\Local\\Programs\\Python\\Python310\\Scripts\\mlagents-learn config/poca/SoccerTwos.yaml --run-id=8PVE --resume",
        "mlagents_version": "1.1.0",
        "mlagents_envs_version": "1.1.0",
        "communication_protocol_version": "1.5.0",
        "pytorch_version": "2.5.1+cpu",
        "numpy_version": "1.23.5",
        "end_time_seconds": "1737426729"
    },
    "total": 14330.7146994,
    "count": 1,
    "self": 0.014153500000247732,
    "children": {
        "run_training.setup": {
            "total": 0.10094170000047598,
            "count": 1,
            "self": 0.10094170000047598
        },
        "TrainerController.start_learning": {
            "total": 14330.599604199999,
            "count": 1,
            "self": 4.770681998974396,
            "children": {
                "TrainerController._reset_env": {
                    "total": 18.078868500006138,
                    "count": 16,
                    "self": 18.078868500006138
                },