{
    "name": "root",
    "gauges": {
        "SoccerTwos.Policy.Entropy.mean": {
            "value": 3.1822588443756104,
            "min": 3.1601641178131104,
            "max": 3.2957608699798584,
            "count": 200
        },
        "SoccerTwos.Policy.Entropy.sum": {
            "value": 67209.3046875,
            "min": 27017.970703125,
            "max": 112492.234375,
            "count": 200
        },
        "SoccerTwos.Environment.LessonNumber.ball_touch.mean": {
            "value": 0.0,
            "min": 0.0,
            "max": 0.0,
            "count": 200
        },
        "SoccerTwos.Environment.LessonNumber.ball_touch.sum": {
            "value": 0.0,
            "min": 0.0,
            "max": 0.0,
            "count": 200
        },
        "SoccerTwos.Environment.EpisodeLength.mean": {
            "value": 999.0,
            "min": 422.54545454545456,
            "max": 999.0,
            "count": 200
        },
        "SoccerTwos.Environment.EpisodeLength.sum": {
            "value": 19980.0,
            "min": 11676.0,
            "max": 29364.0,
            "count": 200
        },
        "SoccerTwos.Self-play.ELO.mean": {
            "value": 1171.3029188807025,
            "min": 1165.6822405500693,
            "max": 1198.5052677113574,
            "count": 169
        },
        "SoccerTwos.Self-play.ELO.sum": {
            "value": 7027.817513284215,
            "min": 2331.3644811001386,
            "max": 21274.364585045103,
            "count": 169
        },
        "SoccerTwos.Step.mean": {
            "value": 1999550.0,
            "min": 9700.0,
            "max": 1999550.0,
            "count": 200
        },
        "SoccerTwos.Step.sum": {
            "value": 1999550.0,
            "min": 9700.0,
            "max": 1999550.0,
            "count": 200
        },
        "SoccerTwos.Policy.ExtrinsicBaselineEstimate.mean": {
            "value": -0.009596018120646477,
            "min": -0.0428544245660305,
            "max": 0.014274081215262413,
            "count": 200
        },
        "SoccerTwos.Policy.ExtrinsicBaselineEstimate.sum": {
            "value": -0.09596018493175507,
            "min": -0.6340846419334412,
            "max": 0.2283852994441986,
            "count": 200
        },
        "SoccerTwos.Policy.ExtrinsicValueEstimate.mean": {
            "value": -0.00901009701192379,
            "min": -0.04668716341257095,
            "max": 0.014293409883975983,
            "count": 200
        },
        "SoccerTwos.Policy.ExtrinsicValueEstimate.sum": {
            "value": -0.0901009663939476,
            "min": -0.6522838473320007,
            "max": 0.22869455814361572,
            "count": 200
        },
        "SoccerTwos.Environment.CumulativeReward.mean": {
            "value": -0.03359999749809504,
            "min": -0.06683333113323897,
            "max": -0.0033333325603355965,
            "count": 200
        },
        "SoccerTwos.Environment.CumulativeReward.sum": {
            "value": -0.33599997498095036,
            "min": -0.8019999735988677,
            "max": -0.03599999053403735,
            "count": 200
        },
        "SoccerTwos.Policy.ExtrinsicReward.mean": {
            "value": -0.06339999586343766,
            "min": -0.6402666750053565,
            "max": 0.2701714435326202,
            "count": 200
        },
        "SoccerTwos.Policy.ExtrinsicReward.sum": {
            "value": -0.6339999586343765,
            "min": -12.321200102567673,
            "max": 3.988000128418207,
            "count": 200
        },
        "SoccerTwos.Environment.GroupCumulativeReward.mean": {
            "value": 0.0,
            "min": -0.6153846153846154,
            "max": 0.29417143549237934,
            "count": 200
        },
        "SoccerTwos.Environment.GroupCumulativeReward.sum": {
            "value": 0.0,
            "min": -11.781199991703033,
            "max": 4.352000117301941,
            "count": 200
        },
        "SoccerTwos.IsTraining.mean": {
            "value": 1.0,
            "min": 1.0,
            "max": 1.0,
            "count": 200
        },
        "SoccerTwos.IsTraining.sum": {
            "value": 1.0,
            "min": 1.0,
            "max": 1.0,
            "count": 200
        },
        "SoccerTwos.Losses.PolicyLoss.mean": {
            "value": 0.016591549918909248,
            "min": 0.012757885677274317,
            "max": 0.023562435033575944,
            "count": 93
        },
        "SoccerTwos.Losses.PolicyLoss.sum": {
            "value": 0.016591549918909248,
            "min": 0.012757885677274317,
            "max": 0.023562435033575944,
            "count": 93
        },
        "SoccerTwos.Losses.ValueLoss.mean": {
            "value": 0.0029707397450692953,
            "min": 8.185731667254004e-06,
            "max": 0.007780406360204021,
            "count": 93
        },
        "SoccerTwos.Losses.ValueLoss.sum": {
            "value": 0.0029707397450692953,
            "min": 8.185731667254004e-06,
            "max": 0.007780406360204021,
            "count": 93
        },
        "SoccerTwos.Losses.BaselineLoss.mean": {
            "value": 0.002970769341724614,
            "min": 8.253837586380542e-06,
            "max": 0.007843411713838577,
            "count": 93
        },
        "SoccerTwos.Losses.BaselineLoss.sum": {
            "value": 0.002970769341724614,
            "min": 8.253837586380542e-06,
            "max": 0.007843411713838577,
            "count": 93
        },
        "SoccerTwos.Policy.LearningRate.mean": {
            "value": 0.0003,
            "min": 0.0003,
            "max": 0.0003,
            "count": 93
        },
        "SoccerTwos.Policy.LearningRate.sum": {
            "value": 0.0003,
            "min": 0.0003,
            "max": 0.0003,
            "count": 93
        },
        "SoccerTwos.Policy.Epsilon.mean": {
            "value": 0.20000000000000007,
            "min": 0.20000000000000007,
            "max": 0.20000000000000007,
            "count": 93
        },
        "SoccerTwos.Policy.Epsilon.sum": {
            "value": 0.20000000000000007,
            "min": 0.20000000000000007,
            "max": 0.20000000000000007,
            "count": 93
        },
        "SoccerTwos.Policy.Beta.mean": {
            "value": 0.005000000000000001,
            "min": 0.005000000000000001,
            "max": 0.005000000000000001,
            "count": 93
        },
        "SoccerTwos.Policy.Beta.sum": {
            "value": 0.005000000000000001,
            "min": 0.005000000000000001,
            "max": 0.005000000000000001,
            "count": 93
        }
    },
    "metadata": {
        "timer_format_version": "0.1.0",
        "start_time_seconds": "1733252683",
        "python_version": "3.10.10 (tags/v3.10.10:aad5f6a, Feb  7 2023, 17:20:36) [MSC v.1929 64 bit (AMD64)]",
        "command_line_arguments": "C:\\Users\\Vjosa\\AppData\\Local\\Programs\\Python\\Python310\\Scripts\\mlagents-learn config/poca/SoccerTwos.yaml --run-id=8PAE",
        "mlagents_version": "1.1.0",
        "mlagents_envs_version": "1.1.0",
        "communication_protocol_version": "1.5.0",
        "pytorch_version": "2.5.1+cpu",
        "numpy_version": "1.23.5",
        "end_time_seconds": "1733256080"
    },
    "total": 3396.6442290999985,
    "count": 1,
    "self": 0.011801100001321174,
    "children": {
        "run_training.setup": {
            "total": 0.05784470000071451,
            "count": 1,
            "self": 0.05784470000071451
        },
        "TrainerController.start_learning": {
            "total": 3396.5745832999964,
            "count": 1,
            "self": 1.987293998216046,
            "children": {
                "TrainerController._reset_env": {
                    "total": 9.03699350001989,
                    "count": 10,
                    "self": 9.03699350001989
                },