{
    "name": "root",
    "gauges": {
        "SoccerTwos.Policy.Entropy.mean": {
            "value": 2.543410539627075,
            "min": 2.492490530014038,
            "max": 3.2957143783569336,
            "count": 200
        },
        "SoccerTwos.Policy.Entropy.sum": {
            "value": 51763.4921875,
            "min": 32543.16796875,
            "max": 127222.265625,
            "count": 200
        },
        "SoccerTwos.Environment.EpisodeLength.mean": {
            "value": 66.28571428571429,
            "min": 46.86666666666667,
            "max": 999.0,
            "count": 200
        },
        "SoccerTwos.Environment.EpisodeLength.sum": {
            "value": 20416.0,
            "min": 11508.0,
            "max": 29144.0,
            "count": 200
        },
        "SoccerTwos.Self-play.ELO.mean": {
            "value": 1371.95392984978,
            "min": 1198.7535925691843,
            "max": 1387.112186202034,
            "count": 199
        },
        "SoccerTwos.Self-play.ELO.sum": {
            "value": 211280.90519686614,
            "min": 2403.5322652532236,
            "max": 287860.61293897463,
            "count": 199
        },
        "SoccerTwos.Step.mean": {
            "value": 1999828.0,
            "min": 9588.0,
            "max": 1999828.0,
            "count": 200
        },
        "SoccerTwos.Step.sum": {
            "value": 1999828.0,
            "min": 9588.0,
            "max": 1999828.0,
            "count": 200
        },
        "SoccerTwos.Policy.ExtrinsicBaselineEstimate.mean": {
            "value": -0.05029154196381569,
            "min": -0.08993307501077652,
            "max": 0.10492673516273499,
            "count": 200
        },
        "SoccerTwos.Policy.ExtrinsicBaselineEstimate.sum": {
            "value": -7.744897365570068,
            "min": -14.749024391174316,
            "max": 13.035446166992188,
            "count": 200
        },
        "SoccerTwos.Policy.ExtrinsicValueEstimate.mean": {
            "value": -0.05459441617131233,
            "min": -0.08425857126712799,
            "max": 0.10890413075685501,
            "count": 200
        },
        "SoccerTwos.Policy.ExtrinsicValueEstimate.sum": {
            "value": -8.407540321350098,
            "min": -13.818406105041504,
            "max": 13.041568756103516,
            "count": 200
        },
        "SoccerTwos.Environment.CumulativeReward.mean": {
            "value": 0.0,
            "min": 0.0,
            "max": 0.0,
            "count": 200
        },
        "SoccerTwos.Environment.CumulativeReward.sum": {
            "value": 0.0,
            "min": 0.0,
            "max": 0.0,
            "count": 200
        },
        "SoccerTwos.Policy.ExtrinsicReward.mean": {
            "value": -0.09854285902791209,
            "min": -0.45695294089177074,
            "max": 0.5672279069590014,
            "count": 200
        },
        "SoccerTwos.Policy.ExtrinsicReward.sum": {
            "value": -15.175600290298462,
            "min": -44.27399957180023,
            "max": 36.83639979362488,
            "count": 200
        },
        "SoccerTwos.Environment.GroupCumulativeReward.mean": {
            "value": -0.09854285902791209,
            "min": -0.45695294089177074,
            "max": 0.5672279069590014,
            "count": 200
        },
        "SoccerTwos.Environment.GroupCumulativeReward.sum": {
            "value": -15.175600290298462,
            "min": -44.27399957180023,
            "max": 36.83639979362488,
            "count": 200
        },
        "SoccerTwos.IsTraining.mean": {
            "value": 1.0,
            "min": 1.0,
            "max": 1.0,
            "count": 200
        },
        "SoccerTwos.IsTraining.sum": {
            "value": 1.0,
            "min": 1.0,
            "max": 1.0,
            "count": 200
        },
        "SoccerTwos.Losses.PolicyLoss.mean": {
            "value": 0.017189546173904093,
            "min": 0.01177980451999853,
            "max": 0.02218701156186095,
            "count": 95
        },
        "SoccerTwos.Losses.PolicyLoss.sum": {
            "value": 0.017189546173904093,
            "min": 0.01177980451999853,
            "max": 0.02218701156186095,
            "count": 95
        },
        "SoccerTwos.Losses.ValueLoss.mean": {
            "value": 0.10198285380999247,
            "min": 0.0014591172997218866,
            "max": 0.1079534778992335,
            "count": 95
        },
        "SoccerTwos.Losses.ValueLoss.sum": {
            "value": 0.10198285380999247,
            "min": 0.0014591172997218866,
            "max": 0.1079534778992335,
            "count": 95
        },
        "SoccerTwos.Losses.BaselineLoss.mean": {
            "value": 0.10330861111481984,
            "min": 0.001467311007824416,
            "max": 0.11000809048612913,
            "count": 95
        },
        "SoccerTwos.Losses.BaselineLoss.sum": {
            "value": 0.10330861111481984,
            "min": 0.001467311007824416,
            "max": 0.11000809048612913,
            "count": 95
        },
        "SoccerTwos.Policy.LearningRate.mean": {
            "value": 0.0003,
            "min": 0.0003,
            "max": 0.0003,
            "count": 95
        },
        "SoccerTwos.Policy.LearningRate.sum": {
            "value": 0.0003,
            "min": 0.0003,
            "max": 0.0003,
            "count": 95
        },
        "SoccerTwos.Policy.Epsilon.mean": {
            "value": 0.20000000000000007,
            "min": 0.20000000000000007,
            "max": 0.20000000000000007,
            "count": 95
        },
        "SoccerTwos.Policy.Epsilon.sum": {
            "value": 0.20000000000000007,
            "min": 0.20000000000000007,
            "max": 0.20000000000000007,
            "count": 95
        },
        "SoccerTwos.Policy.Beta.mean": {
            "value": 0.005000000000000001,
            "min": 0.005000000000000001,
            "max": 0.005000000000000001,
            "count": 95
        },
        "SoccerTwos.Policy.Beta.sum": {
            "value": 0.005000000000000001,
            "min": 0.005000000000000001,
            "max": 0.005000000000000001,
            "count": 95
        }
    },
    "metadata": {
        "timer_format_version": "0.1.0",
        "start_time_seconds": "1732995588",
        "python_version": "3.10.10 (tags/v3.10.10:aad5f6a, Feb  7 2023, 17:20:36) [MSC v.1929 64 bit (AMD64)]",
        "command_line_arguments": "C:\\Users\\Vjosa\\AppData\\Local\\Programs\\Python\\Python310\\Scripts\\mlagents-learn config/poca/SoccerTwos.yaml --run-id=8P_NoBackRays",
        "mlagents_version": "1.1.0",
        "mlagents_envs_version": "1.1.0",
        "communication_protocol_version": "1.5.0",
        "pytorch_version": "2.5.1+cpu",
        "numpy_version": "1.23.5",
        "end_time_seconds": "1732999145"
    },
    "total": 3557.0712179000257,
    "count": 1,
    "self": 0.013742399984039366,
    "children": {
        "run_training.setup": {
            "total": 0.08227640006225556,
            "count": 1,
            "self": 0.08227640006225556
        },
        "TrainerController.start_learning": {
            "total": 3556.9751990999794,
            "count": 1,
            "self": 1.8886970684397966,
            "children": {
                "TrainerController._reset_env": {
                    "total": 8.618914400110953,
                    "count": 10,
                    "self": 8.618914400110953
                },
                "TrainerController.advance": {
                    "total": 3546.398061531363,
                    "count": 133637,
                    "self": 1.691314416239038,
                    "children": {
                        "env_step": {
                            "total": 1467.8064145101234,
                            "count": 133637,
                            "self": 1052.5780255605932,