{
    "name": "root",
    "gauges": {
        "SoccerTwos.Policy.Entropy.mean": {
            "value": 3.135806083679199,
            "min": 3.071333169937134,
            "max": 3.295713424682617,
            "count": 200
        },
        "SoccerTwos.Policy.Entropy.sum": {
            "value": 92619.171875,
            "min": 16434.43359375,
            "max": 116431.1953125,
            "count": 200
        },
        "SoccerTwos.Environment.EpisodeLength.mean": {
            "value": 999.0,
            "min": 271.05882352941177,
            "max": 999.0,
            "count": 200
        },
        "SoccerTwos.Environment.EpisodeLength.sum": {
            "value": 19980.0,
            "min": 16344.0,
            "max": 23856.0,
            "count": 200
        },
        "SoccerTwos.Self-play.ELO.mean": {
            "value": 1212.819746452923,
            "min": 1193.9241334221194,
            "max": 1224.7461803418473,
            "count": 185
        },
        "SoccerTwos.Self-play.ELO.sum": {
            "value": 2425.639492905846,
            "min": 2388.6558178508176,
            "max": 41452.5143531425,
            "count": 185
        },
        "SoccerTwos.Step.mean": {
            "value": 1999748.0,
            "min": 9606.0,
            "max": 1999748.0,
            "count": 200
        },
        "SoccerTwos.Step.sum": {
            "value": 1999748.0,
            "min": 9606.0,
            "max": 1999748.0,
            "count": 200
        },
        "SoccerTwos.Policy.ExtrinsicBaselineEstimate.mean": {
            "value": -0.005122931208461523,
            "min": -0.03550431504845619,
            "max": 0.09555567800998688,
            "count": 200
        },
        "SoccerTwos.Policy.ExtrinsicBaselineEstimate.sum": {
            "value": -0.051229313015937805,
            "min": -0.9586164951324463,
            "max": 1.5288739204406738,
            "count": 200
        },
        "SoccerTwos.Policy.ExtrinsicValueEstimate.mean": {
            "value": -0.004184406250715256,
            "min": -0.04239872097969055,
            "max": 0.09549462795257568,
            "count": 200
        },
        "SoccerTwos.Policy.ExtrinsicValueEstimate.sum": {
            "value": -0.04184406250715256,
            "min": -0.867671549320221,
            "max": 1.5278507471084595,
            "count": 200
        },
        "SoccerTwos.Environment.CumulativeReward.mean": {
            "value": -0.015999999642372132,
            "min": -0.0790909059684385,
            "max": 0.0,
            "count": 200
        },
        "SoccerTwos.Environment.CumulativeReward.sum": {
            "value": -0.1599999964237213,
            "min": -0.8899999652057886,
            "max": 0.0,
            "count": 200
        },
        "SoccerTwos.Policy.ExtrinsicReward.mean": {
            "value": -0.03199999965727329,
            "min": -0.6829999830573797,
            "max": 0.3077200025320053,
            "count": 200
        },
        "SoccerTwos.Policy.ExtrinsicReward.sum": {
            "value": -0.3199999965727329,
            "min": -13.659999661147594,
            "max": 4.61580003798008,
            "count": 200
        },
        "SoccerTwos.Environment.GroupCumulativeReward.mean": {
            "value": 0.0,
            "min": -0.65,
            "max": 0.3487199972073237,
            "count": 200
        },
        "SoccerTwos.Environment.GroupCumulativeReward.sum": {
            "value": 0.0,
            "min": -13.0,
            "max": 5.26800000667572,
            "count": 200
        },
        "SoccerTwos.IsTraining.mean": {
            "value": 1.0,
            "min": 1.0,
            "max": 1.0,
            "count": 200
        },
        "SoccerTwos.IsTraining.sum": {
            "value": 1.0,
            "min": 1.0,
            "max": 1.0,
            "count": 200
        },
        "SoccerTwos.Losses.PolicyLoss.mean": {
            "value": 0.014576442817148443,
            "min": 0.01023756970729058,
            "max": 0.022560976422391833,
            "count": 93
        },
        "SoccerTwos.Losses.PolicyLoss.sum": {
            "value": 0.014576442817148443,
            "min": 0.01023756970729058,
            "max": 0.022560976422391833,
            "count": 93
        },
        "SoccerTwos.Losses.ValueLoss.mean": {
            "value": 0.0007271919925794161,
            "min": 3.441230819589691e-05,
            "max": 0.017563924317558606,
            "count": 93
        },
        "SoccerTwos.Losses.ValueLoss.sum": {
            "value": 0.0007271919925794161,
            "min": 3.441230819589691e-05,
            "max": 0.017563924317558606,
            "count": 93
        },
        "SoccerTwos.Losses.BaselineLoss.mean": {
            "value": 0.000730655077980676,
            "min": 4.355443852546159e-05,
            "max": 0.01797868252421419,
            "count": 93
        },
        "SoccerTwos.Losses.BaselineLoss.sum": {
            "value": 0.000730655077980676,
            "min": 4.355443852546159e-05,
            "max": 0.01797868252421419,
            "count": 93
        },
        "SoccerTwos.Policy.LearningRate.mean": {
            "value": 0.0003,
            "min": 0.0003,
            "max": 0.0003,
            "count": 93
        },
        "SoccerTwos.Policy.LearningRate.sum": {
            "value": 0.0003,
            "min": 0.0003,
            "max": 0.0003,
            "count": 93
        },
        "SoccerTwos.Policy.Epsilon.mean": {
            "value": 0.20000000000000007,
            "min": 0.20000000000000004,
            "max": 0.20000000000000007,
            "count": 93
        },
        "SoccerTwos.Policy.Epsilon.sum": {
            "value": 0.20000000000000007,
            "min": 0.20000000000000004,
            "max": 0.20000000000000007,
            "count": 93
        },
        "SoccerTwos.Policy.Beta.mean": {
            "value": 0.005000000000000001,
            "min": 0.005000000000000001,
            "max": 0.005000000000000001,
            "count": 93
        },
        "SoccerTwos.Policy.Beta.sum": {
            "value": 0.005000000000000001,
            "min": 0.005000000000000001,
            "max": 0.005000000000000001,
            "count": 93
        }
    },
    "metadata": {
        "timer_format_version": "0.1.0",
        "start_time_seconds": "1732990283",
        "python_version": "3.10.10 (tags/v3.10.10:aad5f6a, Feb  7 2023, 17:20:36) [MSC v.1929 64 bit (AMD64)]",
        "command_line_arguments": "C:\\Users\\Vjosa\\AppData\\Local\\Programs\\Python\\Python310\\Scripts\\mlagents-learn config/poca/SoccerTwos.yaml --run-id=TestRunMultiple",
        "mlagents_version": "1.1.0",
        "mlagents_envs_version": "1.1.0",
        "communication_protocol_version": "1.5.0",
        "pytorch_version": "2.5.1+cpu",
        "numpy_version": "1.23.5",
        "end_time_seconds": "1732994362"
    },
    "total": 4079.5508891000645,
    "count": 1,
    "self": 0.011940800119191408,
    "children": {
        "run_training.setup": {
            "total": 0.056852399953641,
            "count": 1,
            "self": 0.056852399953641
        },
        "TrainerController.start_learning": {
            "total": 4079.4820958999917,
            "count": 1,
            "self": 1.7667619925923645,
            "children": {
                "TrainerController._reset_env": {
                    "total": 11.59012890025042,
                    "count": 10,
                    "self": 11.59012890025042
                },
                "TrainerController.advance": {
                    "total": 4066.0587683070917,
                    "count": 130292,
                    "self": 1.68143889028579,
                    "children": {
                        "env_step": {
                            "total": 1576.6697078058496,
                            "count": 130292,
                            "self": 1166.6505976774497,