{
    "name": "root",
    "gauges": {
        "SoccerTwos.Policy.Entropy.mean": {
            "value": 3.1469223499298096,
            "min": 3.0786020755767822,
            "max": 3.2957470417022705,
            "count": 200
        },
        "SoccerTwos.Policy.Entropy.sum": {
            "value": 77338.765625,
            "min": 20165.8671875,
            "max": 155743.96875,
            "count": 200
        },
        "SoccerTwos.Environment.LessonNumber.ball_touch.mean": {
            "value": 0.0,
            "min": 0.0,
            "max": 0.0,
            "count": 200
        },
        "SoccerTwos.Environment.LessonNumber.ball_touch.sum": {
            "value": 0.0,
            "min": 0.0,
            "max": 0.0,
            "count": 200
        },
        "SoccerTwos.Environment.EpisodeLength.mean": {
            "value": 697.625,
            "min": 408.1818181818182,
            "max": 999.0,
            "count": 200
        },
        "SoccerTwos.Environment.EpisodeLength.sum": {
            "value": 22324.0,
            "min": 8920.0,
            "max": 28884.0,
            "count": 200
        },
        "SoccerTwos.Self-play.ELO.mean": {
            "value": 1190.7554005003067,
            "min": 1183.4760010586822,
            "max": 1209.8080649791705,
            "count": 189
        },
        "SoccerTwos.Self-play.ELO.sum": {
            "value": 9526.043204002453,
            "min": 2369.409372339256,
            "max": 23895.16020237177,
            "count": 189
        },
        "SoccerTwos.Step.mean": {
            "value": 1999666.0,
            "min": 9826.0,
            "max": 1999666.0,
            "count": 200
        },
        "SoccerTwos.Step.sum": {
            "value": 1999666.0,
            "min": 9826.0,
            "max": 1999666.0,
            "count": 200
        },
        "SoccerTwos.Policy.ExtrinsicBaselineEstimate.mean": {
            "value": -0.007253886200487614,
            "min": -0.03292328119277954,
            "max": 0.019497467204928398,
            "count": 200
        },
        "SoccerTwos.Policy.ExtrinsicBaselineEstimate.sum": {
            "value": -0.10880829393863678,
            "min": -0.5881283283233643,
            "max": 0.288357138633728,
            "count": 200
        },
        "SoccerTwos.Policy.ExtrinsicValueEstimate.mean": {
            "value": -0.010745779611170292,
            "min": -0.031312983483076096,
            "max": 0.01924610510468483,
            "count": 200
        },
        "SoccerTwos.Policy.ExtrinsicValueEstimate.sum": {
            "value": -0.16118669509887695,
            "min": -0.5883804559707642,
            "max": 0.28869158029556274,
            "count": 200
        },
        "SoccerTwos.Environment.CumulativeReward.mean": {
            "value": -0.011866664979606867,
            "min": -0.05739999767392874,
            "max": 0.004875000799074769,
            "count": 200
        },
        "SoccerTwos.Environment.CumulativeReward.sum": {
            "value": -0.177999974694103,
            "min": -0.657999973744154,
            "max": 0.0780000127851963,
            "count": 200
        },
        "SoccerTwos.Policy.ExtrinsicReward.mean": {
            "value": -0.46626666113734244,
            "min": -0.6569230694037217,
            "max": 0.35167500167153776,
            "count": 200
        },
        "SoccerTwos.Policy.ExtrinsicReward.sum": {
            "value": -6.993999917060137,
            "min": -9.808000221848488,
            "max": 5.862000342458487,
            "count": 200
        },
        "SoccerTwos.Environment.GroupCumulativeReward.mean": {
            "value": -0.4438666661580404,
            "min": -0.6153846153846154,
            "max": 0.3796470638583688,
            "count": 200
        },
        "SoccerTwos.Environment.GroupCumulativeReward.sum": {
            "value": -6.6579999923706055,
            "min": -9.092000007629395,
            "max": 6.45400008559227,
            "count": 200
        },
        "SoccerTwos.IsTraining.mean": {
            "value": 1.0,
            "min": 1.0,
            "max": 1.0,
            "count": 200
        },
        "SoccerTwos.IsTraining.sum": {
            "value": 1.0,
            "min": 1.0,
            "max": 1.0,
            "count": 200
        },
        "SoccerTwos.Losses.PolicyLoss.mean": {
            "value": 0.014305511914426462,
            "min": 0.011429495920310728,
            "max": 0.02411380127693216,
            "count": 93
        },
        "SoccerTwos.Losses.PolicyLoss.sum": {
            "value": 0.014305511914426462,
            "min": 0.011429495920310728,
            "max": 0.02411380127693216,
            "count": 93
        },
        "SoccerTwos.Losses.ValueLoss.mean": {
            "value": 0.009858969350655873,
            "min": 7.302116452289435e-05,
            "max": 0.010468381317332387,
            "count": 93
        },
        "SoccerTwos.Losses.ValueLoss.sum": {
            "value": 0.009858969350655873,
            "min": 7.302116452289435e-05,
            "max": 0.010468381317332387,
            "count": 93
        },
        "SoccerTwos.Losses.BaselineLoss.mean": {
            "value": 0.01039140031983455,
            "min": 7.252917651688525e-05,
            "max": 0.010837019917865594,
            "count": 93
        },
        "SoccerTwos.Losses.BaselineLoss.sum": {
            "value": 0.01039140031983455,
            "min": 7.252917651688525e-05,
            "max": 0.010837019917865594,
            "count": 93
        },
        "SoccerTwos.Policy.LearningRate.mean": {
            "value": 0.0003,
            "min": 0.0003,
            "max": 0.0003,
            "count": 93
        },
        "SoccerTwos.Policy.LearningRate.sum": {
            "value": 0.0003,
            "min": 0.0003,
            "max": 0.0003,
            "count": 93
        },
        "SoccerTwos.Policy.Epsilon.mean": {
            "value": 0.20000000000000007,
            "min": 0.20000000000000004,
            "max": 0.20000000000000007,
            "count": 93
        },
        "SoccerTwos.Policy.Epsilon.sum": {
            "value": 0.20000000000000007,
            "min": 0.20000000000000004,
            "max": 0.20000000000000007,
            "count": 93
        },
        "SoccerTwos.Policy.Beta.mean": {
            "value": 0.005000000000000001,
            "min": 0.005000000000000001,
            "max": 0.005000000000000001,
            "count": 93
        },
        "SoccerTwos.Policy.Beta.sum": {
            "value": 0.005000000000000001,
            "min": 0.005000000000000001,
            "max": 0.005000000000000001,
            "count": 93
        }
    },
    "metadata": {
        "timer_format_version": "0.1.0",
        "start_time_seconds": "1733052152",
        "python_version": "3.10.10 (tags/v3.10.10:aad5f6a, Feb  7 2023, 17:20:36) [MSC v.1929 64 bit (AMD64)]",
        "command_line_arguments": "C:\\Users\\Vjosa\\AppData\\Local\\Programs\\Python\\Python310\\Scripts\\mlagents-learn config/poca/SoccerTwos.yaml --run-id=8PFE",
        "mlagents_version": "1.1.0",
        "mlagents_envs_version": "1.1.0",
        "communication_protocol_version": "1.5.0",
        "pytorch_version": "2.5.1+cpu",
        "numpy_version": "1.23.5",
        "end_time_seconds": "1733054552"
    },
    "total": 2399.798775900039,
    "count": 1,
    "self": 0.013255600002594292,
    "children": {
        "run_training.setup": {
            "total": 0.05729060003068298,
            "count": 1,
            "self": 0.05729060003068298
        },
        "TrainerController.start_learning": {
            "total": 2399.7282297000056,
            "count": 1,
            "self": 1.7573630944825709,
            "children": {
                "TrainerController._reset_env": {
                    "total": 17.33913269988261,
                    "count": 10,
                    "self": 17.33913269988261
                },