{
    "name": "root",
    "gauges": {
        "SoccerTwos.Policy.Entropy.mean": {
            "value": 3.1305572986602783,
            "min": 3.049448251724243,
            "max": 3.295724630355835,
            "count": 200
        },
        "SoccerTwos.Policy.Entropy.sum": {
            "value": 80743.3359375,
            "min": 16051.0498046875,
            "max": 129462.78125,
            "count": 200
        },
        "SoccerTwos.Environment.EpisodeLength.mean": {
            "value": 999.0,
            "min": 464.90909090909093,
            "max": 999.0,
            "count": 200
        },
        "SoccerTwos.Environment.EpisodeLength.sum": {
            "value": 19980.0,
            "min": 13672.0,
            "max": 27360.0,
            "count": 200
        },
        "SoccerTwos.Self-play.ELO.mean": {
            "value": 1197.234463889218,
            "min": 1189.6137536130527,
            "max": 1201.991520182895,
            "count": 80
        },
        "SoccerTwos.Self-play.ELO.sum": {
            "value": 2394.468927778436,
            "min": 2381.1509130917148,
            "max": 19199.441601985076,
            "count": 80
        },
        "SoccerTwos.Step.mean": {
            "value": 1999518.0,
            "min": 9696.0,
            "max": 1999518.0,
            "count": 200
        },
        "SoccerTwos.Step.sum": {
            "value": 1999518.0,
            "min": 9696.0,
            "max": 1999518.0,
            "count": 200
        },
        "SoccerTwos.Policy.ExtrinsicBaselineEstimate.mean": {
            "value": -0.001988968811929226,
            "min": -0.1045134961605072,
            "max": 0.005805899854749441,
            "count": 200
        },
        "SoccerTwos.Policy.ExtrinsicBaselineEstimate.sum": {
            "value": -0.01988968811929226,
            "min": -1.723436951637268,
            "max": 0.059721387922763824,
            "count": 200
        },
        "SoccerTwos.Policy.ExtrinsicValueEstimate.mean": {
            "value": -0.00199693301692605,
            "min": -0.10457945615053177,
            "max": 0.006130841560661793,
            "count": 200
        },
        "SoccerTwos.Policy.ExtrinsicValueEstimate.sum": {
            "value": -0.019969329237937927,
            "min": -1.7926640510559082,
            "max": 0.06432747840881348,
            "count": 200
        },
        "SoccerTwos.Environment.CumulativeReward.mean": {
            "value": 0.0,
            "min": 0.0,
            "max": 0.0,
            "count": 200
        },
        "SoccerTwos.Environment.CumulativeReward.sum": {
            "value": 0.0,
            "min": 0.0,
            "max": 0.0,
            "count": 200
        },
        "SoccerTwos.Policy.ExtrinsicReward.mean": {
            "value": 0.0,
            "min": -0.5333333333333333,
            "max": 0.22350768859569842,
            "count": 200
        },
        "SoccerTwos.Policy.ExtrinsicReward.sum": {
            "value": 0.0,
            "min": -8.0,
            "max": 2.9055999517440796,
            "count": 200
        },
        "SoccerTwos.Environment.GroupCumulativeReward.mean": {
            "value": 0.0,
            "min": -0.5333333333333333,
            "max": 0.22350768859569842,
            "count": 200
        },
        "SoccerTwos.Environment.GroupCumulativeReward.sum": {
            "value": 0.0,
            "min": -8.0,
            "max": 2.9055999517440796,
            "count": 200
        },
        "SoccerTwos.IsTraining.mean": {
            "value": 1.0,
            "min": 1.0,
            "max": 1.0,
            "count": 200
        },
        "SoccerTwos.IsTraining.sum": {
            "value": 1.0,
            "min": 1.0,
            "max": 1.0,
            "count": 200
        },
        "SoccerTwos.Losses.PolicyLoss.mean": {
            "value": 0.014030099028605036,
            "min": 0.011269231647990334,
            "max": 0.024273099820129575,
            "count": 92
        },
        "SoccerTwos.Losses.PolicyLoss.sum": {
            "value": 0.014030099028605036,
            "min": 0.011269231647990334,
            "max": 0.024273099820129575,
            "count": 92
        },
        "SoccerTwos.Losses.ValueLoss.mean": {
            "value": 1.1337299667957268e-06,
            "min": 6.445985552735085e-08,
            "max": 0.004375579107242326,
            "count": 92
        },
        "SoccerTwos.Losses.ValueLoss.sum": {
            "value": 1.1337299667957268e-06,
            "min": 6.445985552735085e-08,
            "max": 0.004375579107242326,
            "count": 92
        },
        "SoccerTwos.Losses.BaselineLoss.mean": {
            "value": 1.0222100020958655e-06,
            "min": 1.0024754123113173e-07,
            "max": 0.0044167313414315386,
            "count": 92
        },
        "SoccerTwos.Losses.BaselineLoss.sum": {
            "value": 1.0222100020958655e-06,
            "min": 1.0024754123113173e-07,
            "max": 0.0044167313414315386,
            "count": 92
        },
        "SoccerTwos.Policy.LearningRate.mean": {
            "value": 0.0003,
            "min": 0.0003,
            "max": 0.0003,
            "count": 92
        },
        "SoccerTwos.Policy.LearningRate.sum": {
            "value": 0.0003,
            "min": 0.0003,
            "max": 0.0003,
            "count": 92
        },
        "SoccerTwos.Policy.Epsilon.mean": {
            "value": 0.20000000000000007,
            "min": 0.20000000000000007,
            "max": 0.20000000000000007,
            "count": 92
        },
        "SoccerTwos.Policy.Epsilon.sum": {
            "value": 0.20000000000000007,
            "min": 0.20000000000000007,
            "max": 0.20000000000000007,
            "count": 92
        },
        "SoccerTwos.Policy.Beta.mean": {
            "value": 0.005000000000000001,
            "min": 0.005000000000000001,
            "max": 0.005000000000000001,
            "count": 92
        },
        "SoccerTwos.Policy.Beta.sum": {
            "value": 0.005000000000000001,
            "min": 0.005000000000000001,
            "max": 0.005000000000000001,
            "count": 92
        }
    },
    "metadata": {
        "timer_format_version": "0.1.0",
        "start_time_seconds": "1733003368",
        "python_version": "3.10.10 (tags/v3.10.10:aad5f6a, Feb  7 2023, 17:20:36) [MSC v.1929 64 bit (AMD64)]",
        "command_line_arguments": "C:\\Users\\Vjosa\\AppData\\Local\\Programs\\Python\\Python310\\Scripts\\mlagents-learn config/poca/SoccerTwos.yaml --run-id=8P_Decoupled",
        "mlagents_version": "1.1.0",
        "mlagents_envs_version": "1.1.0",
        "communication_protocol_version": "1.5.0",
        "pytorch_version": "2.5.1+cpu",
        "numpy_version": "1.23.5",
        "end_time_seconds": "1733006271"
    },
    "total": 2903.0878480999963,
    "count": 1,
    "self": 0.01437129988335073,
    "children": {
        "run_training.setup": {
            "total": 0.056792200077325106,
            "count": 1,
            "self": 0.056792200077325106
        },
        "TrainerController.start_learning": {
            "total": 2903.0166846000357,
            "count": 1,
            "self": 1.7632386083714664,
            "children": {
                "TrainerController._reset_env": {
                    "total": 7.318784599890932,
                    "count": 10,
                    "self": 7.318784599890932
                },
                "TrainerController.advance": {
                    "total": 2893.860621291795,
                    "count": 130366,
                    "self": 1.7019853229867294,
                    "children": {
                        "env_step": {
                            "total": 1567.201259181369,
                            "count": 130366,
                            "self": 1159.4752394401003,