{
    "name": "root",
    "gauges": {
        "SoccerTwos.Policy.Entropy.mean": {
            "value": 3.1504342555999756,
            "min": 3.132328510284424,
            "max": 3.2957139015197754,
            "count": 200
        },
        "SoccerTwos.Policy.Entropy.sum": {
            "value": 79945.421875,
            "min": 6363.65966796875,
            "max": 146542.859375,
            "count": 200
        },
        "SoccerTwos.Environment.EpisodeLength.mean": {
            "value": 798.2857142857143,
            "min": 438.72727272727275,
            "max": 999.0,
            "count": 200
        },
        "SoccerTwos.Environment.EpisodeLength.sum": {
            "value": 22352.0,
            "min": 11692.0,
            "max": 31164.0,
            "count": 200
        },
        "SoccerTwos.Self-play.ELO.mean": {
            "value": 1194.6122277230802,
            "min": 1186.649693532071,
            "max": 1206.0557895686643,
            "count": 172
        },
        "SoccerTwos.Self-play.ELO.sum": {
            "value": 4778.448910892321,
            "min": 2373.299387064142,
            "max": 14372.307863307462,
            "count": 172
        },
        "SoccerTwos.Step.mean": {
            "value": 1999330.0,
            "min": 9598.0,
            "max": 1999330.0,
            "count": 200
        },
        "SoccerTwos.Step.sum": {
            "value": 1999330.0,
            "min": 9598.0,
            "max": 1999330.0,
            "count": 200
        },
        "SoccerTwos.Policy.ExtrinsicBaselineEstimate.mean": {
            "value": 0.001127116964198649,
            "min": -0.014924487099051476,
            "max": 0.037271179258823395,
            "count": 200
        },
        "SoccerTwos.Policy.ExtrinsicBaselineEstimate.sum": {
            "value": 0.014652520418167114,
            "min": -0.17582659423351288,
            "max": 0.4472478926181793,
            "count": 200
        },
        "SoccerTwos.Policy.ExtrinsicValueEstimate.mean": {
            "value": 0.0015729713486507535,
            "min": -0.01531630102545023,
            "max": 0.037293896079063416,
            "count": 200
        },
        "SoccerTwos.Policy.ExtrinsicValueEstimate.sum": {
            "value": 0.020448626950383186,
            "min": -0.17477959394454956,
            "max": 0.447526752948761,
            "count": 200
        },
        "SoccerTwos.Environment.CumulativeReward.mean": {
            "value": 0.0,
            "min": 0.0,
            "max": 0.0,
            "count": 200
        },
        "SoccerTwos.Environment.CumulativeReward.sum": {
            "value": 0.0,
            "min": 0.0,
            "max": 0.0,
            "count": 200
        },
        "SoccerTwos.Policy.ExtrinsicReward.mean": {
            "value": 0.2161846115038945,
            "min": -0.5,
            "max": 0.3599200000365575,
            "count": 200
        },
        "SoccerTwos.Policy.ExtrinsicReward.sum": {
            "value": 2.8103999495506287,
            "min": -6.0,
            "max": 5.398800000548363,
            "count": 200
        },
        "SoccerTwos.Environment.GroupCumulativeReward.mean": {
            "value": 0.2161846115038945,
            "min": -0.5,
            "max": 0.3599200000365575,
            "count": 200
        },
        "SoccerTwos.Environment.GroupCumulativeReward.sum": {
            "value": 2.8103999495506287,
            "min": -6.0,
            "max": 5.398800000548363,
            "count": 200
        },
        "SoccerTwos.IsTraining.mean": {
            "value": 1.0,
            "min": 1.0,
            "max": 1.0,
            "count": 200
        },
        "SoccerTwos.IsTraining.sum": {
            "value": 1.0,
            "min": 1.0,
            "max": 1.0,
            "count": 200
        },
        "SoccerTwos.Losses.PolicyLoss.mean": {
            "value": 0.01716226726421155,
            "min": 0.011741385283918741,
            "max": 0.022976090555312113,
            "count": 93
        },
        "SoccerTwos.Losses.PolicyLoss.sum": {
            "value": 0.01716226726421155,
            "min": 0.011741385283918741,
            "max": 0.022976090555312113,
            "count": 93
        },
        "SoccerTwos.Losses.ValueLoss.mean": {
            "value": 0.000594335110023773,
            "min": 1.441610885422051e-06,
            "max": 0.006447408348321915,
            "count": 93
        },
        "SoccerTwos.Losses.ValueLoss.sum": {
            "value": 0.000594335110023773,
            "min": 1.441610885422051e-06,
            "max": 0.006447408348321915,
            "count": 93
        },
        "SoccerTwos.Losses.BaselineLoss.mean": {
            "value": 0.0005977640646354606,
            "min": 1.428784304380315e-06,
            "max": 0.006568680237978697,
            "count": 93
        },
        "SoccerTwos.Losses.BaselineLoss.sum": {
            "value": 0.0005977640646354606,
            "min": 1.428784304380315e-06,
            "max": 0.006568680237978697,
            "count": 93
        },
        "SoccerTwos.Policy.LearningRate.mean": {
            "value": 0.0003,
            "min": 0.0003,
            "max": 0.0003,
            "count": 93
        },
        "SoccerTwos.Policy.LearningRate.sum": {
            "value": 0.0003,
            "min": 0.0003,
            "max": 0.0003,
            "count": 93
        },
        "SoccerTwos.Policy.Epsilon.mean": {
            "value": 0.20000000000000007,
            "min": 0.2,
            "max": 0.20000000000000007,
            "count": 93
        },
        "SoccerTwos.Policy.Epsilon.sum": {
            "value": 0.20000000000000007,
            "min": 0.2,
            "max": 0.20000000000000007,
            "count": 93
        },
        "SoccerTwos.Policy.Beta.mean": {
            "value": 0.005000000000000001,
            "min": 0.005,
            "max": 0.005000000000000001,
            "count": 93
        },
        "SoccerTwos.Policy.Beta.sum": {
            "value": 0.005000000000000001,
            "min": 0.005,
            "max": 0.005000000000000001,
            "count": 93
        }
    },
    "metadata": {
        "timer_format_version": "0.1.0",
        "start_time_seconds": "1733008365",
        "python_version": "3.10.10 (tags/v3.10.10:aad5f6a, Feb  7 2023, 17:20:36) [MSC v.1929 64 bit (AMD64)]",
        "command_line_arguments": "C:\\Users\\Vjosa\\AppData\\Local\\Programs\\Python\\Python310\\Scripts\\mlagents-learn config/poca/SoccerTwos.yaml --run-id=8P_Vanilla",
        "mlagents_version": "1.1.0",
        "mlagents_envs_version": "1.1.0",
        "communication_protocol_version": "1.5.0",
        "pytorch_version": "2.5.1+cpu",
        "numpy_version": "1.23.5",
        "end_time_seconds": "1733010836"
    },
    "total": 2470.535196300014,
    "count": 1,
    "self": 0.015017300029285252,
    "children": {
        "run_training.setup": {
            "total": 0.056180299958214164,
            "count": 1,
            "self": 0.056180299958214164
        },
        "TrainerController.start_learning": {
            "total": 2470.4639987000264,
            "count": 1,
            "self": 1.6154877439839765,
            "children": {
                "TrainerController._reset_env": {
                    "total": 9.533170299953781,
                    "count": 10,
                    "self": 9.533170299953781
                },
                "TrainerController.advance": {
                    "total": 2459.2447268561227,
                    "count": 130217,
                    "self": 1.4539832874434069,
                    "children": {
                        "env_step": {
                            "total": 1446.2044813947286,
                            "count": 130217,
                            "self": 1082.085067963344,
                            "children": {
                                "SubprocessEnvManager._take_step": {
                                    "total": 363.0611897712806,